Frequency,src,in1,in2,in3,in4,in5,in6
100.000000	0.100000,0.000000	-0.001198,-0.015449	0.098801,-0.015449	0.000000,0.000002	-0.001198,-0.015452	0.098801,-0.015452	0.000000,0.000000
112.201845	0.100000,0.000000	-0.001511,-0.017335	0.098488,-0.017335	0.000000,0.000001	-0.001511,-0.017336	0.098488,-0.017336	0.000000,0.000000
125.892541	0.100000,0.000000	-0.001907,-0.019448	0.098092,-0.019448	0.000000,0.000001	-0.001908,-0.019449	0.098091,-0.019449	0.000000,0.000000
141.253754	0.100000,0.000000	-0.002410,-0.021813	0.097589,-0.021813	0.000001,0.000005	-0.002412,-0.021818	0.097588,-0.021818	0.000000,0.000000
158.489319	0.100000,0.000000	-0.003050,-0.024469	0.096949,-0.024469	0.000001,0.000004	-0.003051,-0.024473	0.096948,-0.024473	0.000000,0.000000
177.827941	0.100000,0.000000	-0.003864,-0.027439	0.096135,-0.027439	0.000002,0.000007	-0.003866,-0.027447	0.096133,-0.027447	0.000000,0.000000
199.526231	0.100000,0.000000	-0.004904,-0.030767	0.095095,-0.030767	0.000002,0.000005	-0.004906,-0.030772	0.095093,-0.030772	0.000000,0.000000
223.872114	0.100000,0.000000	-0.006234,-0.034488	0.093765,-0.034488	0.000003,-0.000002	-0.006238,-0.034486	0.093761,-0.034486	0.000000,0.000000
251.188643	0.100000,0.000000	-0.007943,-0.038611	0.092056,-0.038611	0.000004,0.000009	-0.007948,-0.038620	0.092051,-0.038620	0.000000,0.000000
281.838293	0.100000,0.000000	-0.010144,-0.043190	0.089855,-0.043190	0.000005,0.000011	-0.010149,-0.043202	0.089850,-0.043202	0.000000,0.000000
316.227766	0.100000,0.000000	-0.012986,-0.048225	0.087013,-0.048225	0.000006,0.000015	-0.012992,-0.048241	0.087007,-0.048241	0.000000,0.000000
354.813389	0.100000,0.000000	-0.016660,-0.053713	0.083339,-0.053713	0.000008,0.000005	-0.016669,-0.053718	0.083330,-0.053718	0.000000,0.000000
398.107171	0.100000,0.000000	-0.021411,-0.059538	0.078589,-0.059538	0.000010,0.000017	-0.021421,-0.059555	0.078579,-0.059555	0.000000,0.000000
446.683592	0.100000,0.000000	-0.027525,-0.065587	0.072474,-0.065587	0.000011,-0.000004	-0.027537,-0.065582	0.072463,-0.065582	0.000000,0.000000
501.187234	0.100000,0.000000	-0.035312,-0.071499	0.064688,-0.071499	0.000013,-0.000025	-0.035325,-0.071473	0.064674,-0.071473	0.000000,0.000000
562.341325	0.100000,0.000000	-0.045031,-0.076679	0.054968,-0.076679	0.000013,0.000012	-0.045045,-0.076691	0.054954,-0.076691	0.000000,0.000000
630.957344	0.100000,0.000000	-0.056753,-0.080459	0.043246,-0.080459	0.000013,-0.000004	-0.056766,-0.080455	0.043233,-0.080455	0.000000,0.000000
707.945784	0.100000,0.000000	-0.070157,-0.081792	0.029842,-0.081792	0.000012,0.000011	-0.070170,-0.081804	0.029829,-0.081804	0.000000,0.000000
794.328235	0.100000,0.000000	-0.084355,-0.079874	0.015644,-0.079874	0.000008,-0.000021	-0.084363,-0.079853	0.015636,-0.079853	0.000000,0.000000
891.250938	0.100000,0.000000	-0.097902,-0.074183	0.002097,-0.074183	0.000005,0.000013	-0.097907,-0.074196	0.002092,-0.074196	0.000000,0.000000
1000.000000	0.100000,0.000000	-0.109186,-0.065287	-0.009186,-0.065287	-0.000000,-0.000013	-0.109186,-0.065274	-0.009186,-0.065274	0.000000,0.000000
1122.018454	0.100000,0.000000	-0.117059,-0.054425	-0.017059,-0.054425	-0.000010,-0.000017	-0.117049,-0.054407	-0.017048,-0.054407	0.000000,0.000000
1258.925412	0.100000,0.000000	-0.121337,-0.043216	-0.021336,-0.043216	0.000002,-0.000016	-0.121339,-0.043199	-0.021339,-0.043199	0.000000,0.000000
1412.537545	0.100000,0.000000	-0.122594,-0.033008	-0.022593,-0.033008	0.000029,-0.000013	-0.122623,-0.032994	-0.022622,-0.032994	0.000000,0.000000
1584.893192	0.100000,0.000000	-0.121819,-0.024400	-0.021819,-0.024400	0.000014,-0.000022	-0.121834,-0.024377	-0.021833,-0.024377	0.000000,0.000000
1778.279410	0.100000,0.000000	-0.119856,-0.017542	-0.019855,-0.017542	-0.000021,-0.000012	-0.119835,-0.017530	-0.019834,-0.017530	0.000000,0.000000
1995.262315	0.100000,0.000000	-0.117300,-0.012410	-0.017300,-0.012410	-0.000018,-0.000014	-0.117281,-0.012396	-0.017281,-0.012396	0.000000,0.000000
2238.721139	0.100000,0.000000	-0.114676,-0.008620	-0.014675,-0.008620	-0.000000,-0.000001	-0.114675,-0.008618	-0.014674,-0.008618	0.000000,0.000000
2511.886432	0.100000,0.000000	-0.112267,-0.005857	-0.012267,-0.005857	-0.000030,0.000040	-0.112237,-0.005898	-0.012237,-0.005898	0.000000,0.000000
2818.382931	0.100000,0.000000	-0.110005,-0.003936	-0.010004,-0.003936	0.000052,0.000007	-0.110057,-0.003944	-0.010057,-0.003944	0.000000,0.000000
3162.277660	0.100000,0.000000	-0.108211,-0.002565	-0.008211,-0.002565	-0.000026,0.000029	-0.108184,-0.002595	-0.008184,-0.002595	0.000000,0.000000
3548.133892	0.100000,0.000000	-0.106636,-0.001619	-0.006636,-0.001619	-0.000016,0.000034	-0.106619,-0.001653	-0.006619,-0.001653	0.000000,0.000000
3981.071706	0.100000,0.000000	-0.105288,-0.001032	-0.005288,-0.001032	0.000023,-0.000034	-0.105311,-0.000998	-0.005311,-0.000998	0.000000,0.000000
4466.835922	0.100000,0.000000	-0.104257,-0.000558	-0.004257,-0.000558	-0.000004,0.000004	-0.104253,-0.000562	-0.004252,-0.000562	0.000000,0.000000
5011.872336	0.100000,0.000000	-0.103369,-0.000279	-0.003368,-0.000279	0.000015,-0.000016	-0.103384,-0.000263	-0.003383,-0.000263	0.000000,0.000000
5623.413252	0.100000,0.000000	-0.102684,-0.000040	-0.002683,-0.000040	0.000004,0.000031	-0.102688,-0.000071	-0.002688,-0.000071	0.000000,0.000000
6309.573445	0.100000,0.000000	-0.102129,0.000049	-0.002129,0.000049	-0.000004,0.000000	-0.102125,0.000049	-0.002124,0.000049	0.000000,0.000000
7079.457844	0.100000,0.000000	-0.101673,0.000123	-0.001672,0.000123	-0.000000,-0.000000	-0.101672,0.000124	-0.001672,0.000124	0.000000,0.000000
7943.282347	0.100000,0.000000	-0.101351,0.000191	-0.001350,0.000191	-0.000039,0.000025	-0.101312,0.000165	-0.001311,0.000165	0.000000,0.000000
8912.509381	0.100000,0.000000	-0.101028,0.000183	-0.001027,0.000183	-0.000002,-0.000000	-0.101025,0.000183	-0.001025,0.000183	0.000000,0.000000
10000.000000	0.100000,0.000000	-0.100796,0.000186	-0.000796,0.000186	-0.000000,-0.000000	-0.100796,0.000186	-0.000796,0.000186	0.000000,0.000000
11220.184543	0.100000,0.000000	-0.100615,0.000185	-0.000614,0.000185	-0.000000,0.000005	-0.100615,0.000180	-0.000614,0.000180	0.000000,0.000000
12589.254118	0.100000,0.000000	-0.100453,0.000204	-0.000452,0.000204	0.000018,0.000036	-0.100472,0.000168	-0.000471,0.000168	0.000000,0.000000
14125.375446	0.100000,0.000000	-0.100343,0.000161	-0.000343,0.000161	0.000014,0.000009	-0.100358,0.000152	-0.000358,0.000152	0.000000,0.000000
15848.931925	0.100000,0.000000	-0.100269,0.000133	-0.000268,0.000133	0.000000,-0.000001	-0.100270,0.000135	-0.000269,0.000135	0.000000,0.000000
17782.794100	0.100000,0.000000	-0.100186,0.000103	-0.000186,0.000103	0.000014,-0.000014	-0.100201,0.000117	-0.000200,0.000117	0.000000,0.000000
19952.623150	0.100000,0.000000	-0.100108,0.000096	-0.000108,0.000096	0.000039,-0.000004	-0.100147,0.000100	-0.000147,0.000100	0.000000,0.000000
22387.211386	0.100000,0.000000	-0.100071,0.000108	-0.000070,0.000108	0.000035,0.000024	-0.100107,0.000084	-0.000106,0.000084	0.000000,0.000000
25118.864315	0.100000,0.000000	-0.100109,0.000062	-0.000108,0.000062	-0.000032,-0.000007	-0.100076,0.000069	-0.000075,0.000069	0.000000,0.000000
28183.829313	0.100000,0.000000	-0.100052,0.000072	-0.000052,0.000072	0.000000,0.000016	-0.100053,0.000056	-0.000052,0.000056	0.000000,0.000000
31622.776602	0.100000,0.000000	-0.100013,0.000070	-0.000013,0.000070	0.000023,0.000025	-0.100036,0.000045	-0.000036,0.000045	0.000000,0.000000
35481.338923	0.100000,0.000000	-0.100003,0.000021	-0.000003,0.000021	0.000020,-0.000013	-0.100024,0.000035	-0.000023,0.000035	0.000000,0.000000
39810.717055	0.100000,0.000000	-0.100048,0.000021	-0.000047,0.000021	-0.000032,-0.000006	-0.100015,0.000027	-0.000015,0.000027	0.000000,0.000000
44668.359215	0.100000,0.000000	-0.100038,0.000005	-0.000038,0.000005	-0.000028,-0.000015	-0.100009,0.000021	-0.000009,0.000021	0.000000,0.000000
50118.723363	0.100000,0.000000	-0.099962,0.000063	0.000037,0.000063	0.000037,0.000033	-0.099999,0.000029	0.000000,0.000029	0.000000,0.000000
56234.132519	0.100000,0.000000	-0.100061,0.000038	-0.000061,0.000038	-0.000058,0.000026	-0.100003,0.000011	-0.000002,0.000011	0.000000,0.000000
63095.734448	0.100000,0.000000	-0.099990,-0.000090	0.000009,-0.000090	0.000010,-0.000098	-0.100001,0.000007	-0.000001,0.000007	0.000000,0.000000
70794.578438	0.100000,0.000000	-0.100060,0.000068	-0.000060,0.000068	-0.000060,0.000062	-0.099999,0.000005	0.000000,0.000005	0.000000,0.000000
79432.823472	0.100000,0.000000	-0.100108,0.000052	-0.000108,0.000052	-0.000109,0.000049	-0.099999,0.000002	0.000000,0.000002	0.000000,0.000000
89125.093813	0.100000,0.000000	-0.099988,0.000011	0.000011,0.000011	0.000010,0.000010	-0.099999,0.000001	0.000000,0.000001	0.000000,0.000000
100000.000000	0.100000,0.000000	-0.106734,-0.006956	-0.006740,-0.006959	-0.006739,-0.006960	-0.099994,0.000003	-0.000000,0.000000	0.000000,0.000000
